# Weather station St. Athan (airport), UK, WMO_ID=3716,selection from 18.01.2021 till 29.01.2021, all days
# Encoding: UTF-8
# The data is provided by the website "Reliable Prognosis", rp5.ru
# If you use the data, please indicate the name of the website.
# For meteorological parameters see the address http://rp5.ru/archive.php?wmo_id=3716&lang=en
#
"Local time in St. Athan (airport)";"T";"Po";"P";"Pa";"U";"DD";"Ff";"ff10";"ff3";"N";"WW";"W1";"W2";"Tn";"Tx";"Cl";"Nh";"H";"Cm";"Ch";"VV";"Td";"RRR";"tR";"E";"Tg";"E'";"sss"
"28.01.2021 23:00";"9.4";"743.5";"748.0";"-0.6";"99";"Wind blowing from the west";"7";"";"";"";"Rain (not freezing). ";"";"";"";"";"";"";"100-200";"";"";"4.0";"9.2";"";"";"";"";"";"";
"28.01.2021 22:00";"9.6";"743.4";"747.8";"-1.3";"99";"Wind blowing from the west";"8";"";"";"";"Drizzle, not freezing, slight. ";"";"";"";"";"";"";"50-100";"";"";"3.5";"9.5";"";"";"";"";"";"";
"28.01.2021 21:00";"10.0";"743.4";"747.8";"-1.9";"99";"Wind blowing from the west";"8";"";"";"";"Rain, not freezing, slight. ";"";"";"";"";"";"";"100-200";"";"";"5.0";"9.8";"";"";"";"";"";"";
"28.01.2021 20:00";"9.9";"744.1";"748.5";"-2.1";"99";"Wind blowing from the west-southwest";"3";"";"";"";"Rain, not freezing, heavy. ";"";"";"";"";"";"";"100-200";"";"";"2.0";"9.8";"";"";"";"";"";"";
"28.01.2021 19:00";"10.0";"744.7";"749.2";"-2.4";"97";"Wind blowing from the south-west";"4";"";"";"";"Rain shower(s) or intermittent rain, violent. ";"";"";"";"";"";"";"100-200";"";"";"0.8";"9.6";"";"";"";"";"";"";
"28.01.2021 18:00";"10.0";"745.3";"749.8";"-2.1";"98";"Wind blowing from the west-southwest";"6";"";"";"";"Rain (not freezing). ";"";"";"";"10.6";"";"";"200-300";"";"";"16.0";"9.7";"0.4";"12";"";"";"";"";
"28.01.2021 17:00";"10.0";"746.2";"750.6";"-1.8";"98";"Wind blowing from the west-southwest";"6";"";"";"";"Rain (not freezing). ";"";"";"";"";"";"";"300-600";"";"";"12.0";"9.7";"";"";"";"";"";"";
"28.01.2021 16:00";"10.0";"747.1";"751.5";"-1.2";"97";"Wind blowing from the west";"7";"";"";"";"Mist. ";"";"";"";"";"";"";"100-200";"";"";"7.0";"9.5";"";"";"";"";"";"";
"28.01.2021 15:00";"10.2";"747.4";"751.9";"-1.1";"96";"Wind blowing from the west";"8";"";"";"";"Mist. ";"";"";"";"";"";"";"200-300";"";"";"8.0";"9.6";"";"";"";"";"";"";
"28.01.2021 14:00";"10.1";"748.0";"752.4";"-0.8";"99";"Wind blowing from the west";"9";"";"";"";"Rain (not freezing). ";"";"";"";"";"";"";"50-100";"";"";"4.8";"10.0";"";"";"";"";"";"";
"28.01.2021 13:00";"9.5";"748.3";"752.7";"0.5";"100";"Wind blowing from the west";"8";"";"";"";"Drizzle and rain, slight. ";"";"";"";"";"";"";"Less than  50";"";"";"0.7";"9.5";"";"";"";"";"";"";
"28.01.2021 12:00";"9.6";"748.5";"753.0";"1.5";"99";"Wind blowing from the west";"6";"";"";"";"Fog or ice fog, has begun or become thicker during the past hour. ";"";"";"";"";"";"";"Less than  50";"";"";"0.5";"9.4";"0.2";"6";"";"";"";"";
"28.01.2021 11:00";"9.8";"748.8";"753.2";"1.7";"98";"Wind blowing from the west";"9";"";"";"";"Mist. ";"";"";"";"";"";"";"100-200";"";"";"3.8";"9.5";"";"";"";"";"";"";
"28.01.2021 10:00";"10.0";"747.8";"752.2";"0.9";"97";"Wind blowing from the west";"7";"";"";"";"Mist. ";"";"";"";"";"";"";"100-200";"";"";"4.9";"9.5";"";"";"";"";"";"";
"28.01.2021 09:00";"10.0";"747.0";"751.4";"0.1";"99";"Wind blowing from the west";"11";"";"";"";"Mist. ";"";"";"";"";"";"";"100-200";"";"";"6.0";"9.8";"";"";"";"";"";"";
"28.01.2021 08:00";"9.6";"747.1";"751.5";"0.5";"100";"Wind blowing from the west";"9";"";"";"";"Rain (not freezing). ";"";"";"";"";"";"";"50-100";"";"";"4.9";"9.6";"";"";"";"";"";"";
"28.01.2021 07:00";"9.8";"746.9";"751.3";"0.1";"100";"Wind blowing from the west";"9";"";"";"";"Rain shower(s) or intermittent rain, slight. ";"";"";"";"";"";"";"50-100";"";"";"3.6";"9.8";"";"";"";"";"";"";
"28.01.2021 06:00";"9.8";"746.9";"751.3";"-0.4";"100";"Wind blowing from the west";"9";"";"";"";"Rain shower(s) or intermittent rain, slight. ";"";"";"8.4";"";"";"";"Less than  50";"";"";"2.3";"9.8";"18.0";"12";"";"";"";"";
"28.01.2021 05:00";"9.9";"746.6";"751.0";"-1.3";"100";"Wind blowing from the west";"11";"";"";"";"Rain (not freezing). ";"";"";"";"";"";"";"50-100";"";"";"2.7";"9.9";"";"";"";"";"";"";
"28.01.2021 04:00";"10.0";"746.8";"751.3";"-2.1";"100";"Wind blowing from the west";"10";"";"";"";"Drizzle and rain, moderate or heavy. ";"";"";"";"";"";"";"50-100";"";"";"0.3";"10.0";"";"";"";"";"";"";
"28.01.2021 03:00";"10.1";"747.3";"751.7";"-2.8";"100";"Wind blowing from the west";"9";"";"";"";"Rain (not freezing). ";"";"";"";"";"";"";"50-100";"";"";"13.0";"10.1";"";"";"";"";"";"";
"28.01.2021 02:00";"10.0";"747.9";"752.3";"-2.5";"100";"Wind blowing from the west-southwest";"4";"";"";"";"Rain, not freezing, moderate. ";"";"";"";"";"";"";"100-200";"";"";"1.4";"10.0";"";"";"";"";"";"";
"28.01.2021 01:00";"10.1";"748.9";"753.3";"-2.1";"100";"Wind blowing from the west-southwest";"5";"";"";"";"Rain, not freezing, heavy. ";"";"";"";"";"";"";"50-100";"";"";"2.5";"10.1";"";"";"";"";"";"";
"28.01.2021 00:00";"9.1";"743.8";"748.2";"-7.9";"96";"Wind blowing from the west";"7";"";"";"";"Mist. ";"";"";"";"";"";"";"100-200";"";"";"5.0";"8.5";"14.0";"6";"";"";"";"";
"27.01.2021 23:00";"8.4";"750.4";"754.9";"";"100";"Wind blowing from the south";"2";"";"";"";"Rain, not freezing, slight. ";"";"";"";"";"";"";"50-100";"";"";"0.1";"8.4";"";"";"";"";"";"";
"27.01.2021 22:00";"8.9";"751.0";"755.5";"";"100";"Wind blowing from the south-east";"2";"";"";"";"Drizzle, not freezing, moderate. ";"";"";"";"";"";"";"50-100";"";"";"0.8";"8.9";"";"";"";"";"";"";
"27.01.2021 21:00";"9.2";"751.7";"756.1";"-1.8";"100";"Wind blowing from the east-southeast";"3";"";"";"";"Drizzle, not freezing, moderate. ";"";"";"";"";"";"";"50-100";"";"";"0.7";"9.2";"";"";"";"";"";"";
"27.01.2021 20:00";"9.0";"752.2";"756.7";"-1.1";"100";"Wind blowing from the east";"2";"";"";"";"Fog or ice fog, has become thinner during the past hour. ";"";"";"";"";"";"";"50-100";"";"";"0.5";"9.0";"";"";"";"";"";"";
"27.01.2021 19:00";"8.7";"752.8";"757.3";"-0.8";"100";"Wind blowing from the east";"2";"";"";"";"Rain, not freezing, slight. ";"";"";"";"";"";"";"100-200";"";"";"0.4";"8.7";"";"";"";"";"";"";
"27.01.2021 18:00";"9.3";"753.5";"758.0";"-0.5";"100";"Wind blowing from the south-west";"1";"";"";"";"Drizzle, not freezing, slight. ";"";"";"";"9.7";"";"";"300-600";"";"";"10.0";"9.3";"4.0";"12";"";"";"";"";
"27.01.2021 17:00";"9.6";"753.3";"757.7";"-0.9";"100";"Wind blowing from the north-west";"1";"";"";"";"Rain, not freezing, slight. ";"";"";"";"";"";"";"300-600";"";"";"27.0";"9.6";"";"";"";"";"";"";
"27.01.2021 16:00";"9.7";"753.6";"758.1";"-1.0";"100";"Wind blowing from the west";"2";"";"";"";" ";"";"";"";"";"";"";"300-600";"";"";"45.0";"9.7";"";"";"";"";"";"";
"27.01.2021 15:00";"9.7";"754.0";"758.4";"-1.0";"100";"Wind blowing from the west";"3";"";"";"";"Rain (not freezing). ";"";"";"";"";"";"";"100-200";"";"";"3.4";"9.7";"";"";"";"";"";"";
"27.01.2021 14:00";"9.6";"754.2";"758.6";"-0.9";"100";"Wind blowing from the west";"5";"";"";"";"Drizzle (not freezing) or snow grains. ";"";"";"";"";"";"";"50-100";"";"";"6.0";"9.6";"";"";"";"";"";"";
"27.01.2021 13:00";"9.6";"754.6";"759.1";"-0.2";"100";"Wind blowing from the west";"4";"";"";"";"Drizzle, not freezing, slight. ";"";"";"";"";"";"";"50-100";"";"";"0.9";"9.6";"";"";"";"";"";"";
"27.01.2021 12:00";"9.0";"755.0";"759.5";"0.4";"100";"Wind blowing from the west";"4";"";"";"";"Drizzle, not freezing, slight. ";"";"";"";"";"";"";"Less than  50";"";"";"0.7";"9.0";"3.0";"6";"";"";"";"";
"27.01.2021 11:00";"8.9";"755.1";"759.6";"1.0";"100";"Wind blowing from the west";"4";"";"";"";"Drizzle, not freezing, moderate. ";"";"";"";"";"";"";"50-100";"";"";"0.7";"8.9";"";"";"";"";"";"";
"27.01.2021 10:00";"8.8";"754.8";"759.2";"0.9";"100";"Wind blowing from the west";"4";"";"";"";"Drizzle, not freezing, slight. ";"";"";"";"";"";"";"50-100";"";"";"0.5";"8.8";"";"";"";"";"";"";
"27.01.2021 09:00";"8.6";"754.6";"759.1";"0.6";"100";"Wind blowing from the west";"4";"";"";"";"Drizzle, not freezing, moderate. ";"";"";"";"";"";"";"50-100";"";"";"0.5";"8.6";"";"";"";"";"";"";
"27.01.2021 08:00";"8.4";"754.1";"758.6";"-0.1";"100";"Wind blowing from the west";"4";"";"";"";"Drizzle, not freezing, moderate. ";"";"";"";"";"";"";"50-100";"";"";"0.8";"8.4";"";"";"";"";"";"";
"27.01.2021 07:00";"8.4";"753.9";"758.4";"0.0";"100";"Wind blowing from the west";"4";"";"";"";"Drizzle, not freezing, slight. ";"";"";"";"";"";"";"50-100";"";"";"0.4";"8.4";"";"";"";"";"";"";
"27.01.2021 06:00";"8.5";"754.0";"758.4";"-0.2";"100";"Wind blowing from the west";"4";"";"";"";"Rain, not freezing, slight. ";"";"";"6.9";"";"";"";"50-100";"";"";"0.3";"8.5";"4.0";"12";"";"";"";"";
"27.01.2021 05:00";"8.4";"754.2";"758.7";"-0.2";"100";"Wind blowing from the west";"4";"";"";"";"Drizzle, not freezing, moderate. ";"";"";"";"";"";"";"50-100";"";"";"0.9";"8.4";"";"";"";"";"";"";
"27.01.2021 04:00";"8.2";"753.9";"758.4";"-0.3";"100";"Wind blowing from the west-southwest";"5";"";"";"";"Rain, not freezing, moderate. ";"";"";"";"";"";"";"50-100";"";"";"1.0";"8.2";"";"";"";"";"";"";
"27.01.2021 03:00";"8.2";"754.2";"758.7";"0.0";"100";"Wind blowing from the west";"4";"";"";"";"Drizzle, not freezing, slight. ";"";"";"";"";"";"";"50-100";"";"";"0.6";"8.2";"";"";"";"";"";"";
"27.01.2021 02:00";"8.1";"754.4";"758.9";"0.3";"100";"Wind blowing from the west";"4";"";"";"";"Drizzle (not freezing) or snow grains. ";"";"";"";"";"";"";"50-100";"";"";"1.2";"8.1";"";"";"";"";"";"";
"27.01.2021 01:00";"8.1";"754.2";"758.7";"0.4";"100";"Wind blowing from the west";"4";"";"";"";"Drizzle, not freezing, slight. ";"";"";"";"";"";"";"50-100";"";"";"0.8";"8.1";"";"";"";"";"";"";
"27.01.2021 00:00";"8.0";"754.2";"758.7";"0.8";"100";"Wind blowing from the west";"4";"";"";"";"Fog or ice fog, has begun or become thicker during the past hour. ";"";"";"";"";"";"";"50-100";"";"";"0.6";"8.0";"1.0";"6";"";"";"";"";
"26.01.2021 23:00";"8.0";"754.1";"758.6";"";"100";"Wind blowing from the west";"4";"";"";"";"Rain, not freezing, slight. ";"";"";"";"";"";"";"50-100";"";"";"0.8";"8.0";"";"";"";"";"";"";
"26.01.2021 22:00";"8.1";"753.8";"758.3";"";"100";"Wind blowing from the west";"5";"";"";"";"Drizzle, not freezing, slight. ";"";"";"";"";"";"";"50-100";"";"";"0.8";"8.1";"";"";"";"";"";"";
"26.01.2021 21:00";"8.5";"753.4";"757.9";"";"99";"Wind blowing from the west";"5";"";"";"";"Rain (not freezing). ";"";"";"";"";"";"";"50-100";"";"";"1.3";"8.4";"";"";"";"";"";"";
"26.01.2021 20:00";"8.3";"753.1";"757.6";"";"99";"Wind blowing from the west";"3";"";"";"";"Drizzle, not freezing, moderate. ";"";"";"";"";"";"";"50-100";"";"";"0.5";"8.2";"";"";"";"";"";"";
"26.01.2021 19:00";"7.0";"752.8";"757.3";"";"99";"Wind blowing from the east-southeast";"2";"";"";"";"Drizzle, not freezing, slight. ";"";"";"";"";"";"";"100-200";"";"";"0.3";"6.8";"";"";"";"";"";"";
"26.01.2021 18:00";"7.0";"753.1";"757.6";"";"98";"Wind blowing from the east-southeast";"1";"";"";"";"Drizzle, not freezing, moderate. ";"";"";"";"7.1";"";"";"300-600";"";"";"0.5";"6.7";"5.0";"12";"";"";"";"";
"26.01.2021 17:00";"7.0";"753.1";"757.6";"-1.1";"97";"Wind blowing from the south-east";"2";"";"";"";"Drizzle, not freezing, moderate. ";"";"";"";"";"";"";"300-600";"";"";"1.4";"6.6";"";"";"";"";"";"";
"26.01.2021 16:00";"7.0";"753.1";"757.6";"-1.6";"96";"Wind blowing from the south-east";"2";"";"";"";"Drizzle, not freezing, slight. ";"";"";"";"";"";"";"600-1000";"";"";"7.0";"6.4";"";"";"";"";"";"";
"26.01.2021 15:00";"6.8";"753.7";"758.2";"-2.1";"95";"Wind blowing from the south-southeast";"3";"";"";"";"Drizzle, not freezing, slight. ";"";"";"";"";"";"";"300-600";"";"";"7.0";"6.1";"";"";"";"";"";"";
"26.01.2021 14:00";"6.6";"754.2";"758.7";"-1.9";"94";"Wind blowing from the south-southeast";"4";"";"";"";"Drizzle, not freezing, slight. ";"";"";"";"";"";"";"300-600";"";"";"5.0";"5.7";"";"";"";"";"";"";
"26.01.2021 13:00";"6.2";"754.7";"759.3";"-2.0";"96";"Wind blowing from the south-east";"4";"";"";"";"Drizzle, not freezing, slight. ";"";"";"";"";"";"";"300-600";"";"";"9.0";"5.6";"";"";"";"";"";"";
"26.01.2021 12:00";"5.3";"755.8";"760.4";"-1.4";"97";"Wind blowing from the east-southeast";"3";"";"";"";"Rain, not freezing, moderate. ";"";"";"";"";"";"";"300-600";"";"";"1.9";"4.8";"2.0";"6";"";"";"";"";
"26.01.2021 11:00";"5.1";"756.1";"760.6";"-1.3";"93";"Wind blowing from the south-east";"4";"";"";"";"Rain, not freezing, slight. ";"";"";"";"";"";"";"300-600";"";"";"19.0";"4.0";"";"";"";"";"";"";
"26.01.2021 10:00";"4.7";"756.7";"761.3";"";"93";"Wind blowing from the south-east";"3";"";"";"";"Rain, not freezing, slight. ";"";"";"";"";"";"";"600-1000";"";"";"17.0";"3.6";"";"";"";"";"";"";
"26.01.2021 09:00";"4.8";"757.2";"761.7";"-0.3";"88";"Wind blowing from the south-southeast";"4";"";"";"";"Rain, not freezing, slight. ";"";"";"";"";"";"";"600-1000";"";"";"30.0";"2.9";"";"";"";"";"";"";
"26.01.2021 08:00";"3.4";"757.4";"762.0";"";"90";"Wind blowing from the east-southeast";"3";"";"";"";"Rain, not freezing, slight. ";"";"";"";"";"";"";"600-1000";"";"";"16.0";"1.9";"";"";"";"";"";"";
"26.01.2021 07:00";"6.1";"757.4";"761.9";"";"71";"Wind blowing from the south-southwest";"6";"";"";"";"Rain (not freezing). ";"";"";"";"";"";"";"1500-2000";"";"";"71.0";"1.1";"";"";"";"";"";"";
"26.01.2021 06:00";"5.1";"757.5";"762.0";"";"78";"Wind blowing from the south";"2";"";"";"";" ";"";"";"1.6";"";"";"";"2500 or more, or no clouds.";"";"";"71.0";"1.6";"0.6";"12";"";"";"";"";
"26.01.2021 05:00";"5.1";"757.9";"762.4";"-0.2";"79";"Wind blowing from the south-west";"2";"";"";"";" ";"";"";"";"";"";"";"2500 or more, or no clouds.";"";"";"71.0";"1.8";"";"";"";"";"";"";
"26.01.2021 04:00";"5.8";"757.9";"762.4";"";"75";"Wind blowing from the south-west";"5";"";"";"";" ";"";"";"";"";"";"";"2000-2500";"";"";"71.0";"1.6";"";"";"";"";"";"";
"26.01.2021 03:00";"5.7";"758.1";"762.7";"-0.1";"71";"Wind blowing from the south-west";"4";"";"";"";" ";"";"";"";"";"";"";"2500 or more, or no clouds.";"";"";"71.0";"0.7";"";"";"";"";"";"";
"26.01.2021 02:00";"5.0";"758.1";"762.7";"-0.1";"77";"Wind blowing from the west-southwest";"7";"";"";"";" ";"";"";"";"";"";"";"2500 or more, or no clouds.";"";"";"71.0";"1.2";"";"";"";"";"";"";
"26.01.2021 01:00";"4.7";"758.0";"762.6";"0.0";"78";"Wind blowing from the west-southwest";"6";"";"";"";" ";"";"";"";"";"";"";"1000-1500";"";"";"55.0";"1.2";"";"";"";"";"";"";
"26.01.2021 00:00";"4.4";"758.2";"762.7";"0.3";"78";"Wind blowing from the west-southwest";"6";"";"";"";" ";"";"";"";"";"";"";"2500 or more, or no clouds.";"";"";"70.0";"0.8";"0.6";"6";"";"";"";"";
"25.01.2021 23:00";"4.1";"758.2";"762.7";"0.5";"83";"Wind blowing from the west-southwest";"3";"";"";"";" ";"";"";"";"";"";"";"1000-1500";"";"";"65.0";"1.5";"";"";"";"";"";"";
"25.01.2021 22:00";"3.6";"758.0";"762.6";"0.7";"88";"Wind blowing from the south-west";"4";"";"";"";"Rain (not freezing). ";"";"";"";"";"";"";"600-1000";"";"";"70.0";"1.8";"";"";"";"";"";"";
"25.01.2021 21:00";"2.3";"757.9";"762.4";"1.1";"87";"Wind blowing from the north-west";"1";"";"";"";"Rain (not freezing). ";"";"";"";"";"";"";"1000-1500";"";"";"40.0";"0.4";"";"";"";"";"";"";
"25.01.2021 20:00";"1.8";"757.7";"762.3";"1.3";"86";"Wind blowing from the south-west";"2";"";"";"";" ";"";"";"";"";"";"";"1000-1500";"";"";"50.0";"-0.4";"";"";"";"";"";"";
"25.01.2021 19:00";"2.2";"757.3";"761.8";"1.4";"82";"Wind blowing from the north";"2";"";"";"";" ";"";"";"";"";"";"";"2500 or more, or no clouds.";"";"";"45.0";"-0.6";"";"";"";"";"";"";
"25.01.2021 18:00";"3.3";"756.8";"761.4";"0.9";"78";"Wind blowing from the north-northwest";"2";"";"";"";" ";"";"";"";"5.5";"";"";"2500 or more, or no clouds.";"";"";"60.0";"-0.3";"0.2";"12";"";"";"";"";
"25.01.2021 17:00";"3.9";"756.4";"761.0";"0.9";"75";"Wind blowing from the north-west";"3";"";"";"";" ";"";"";"";"";"";"";"2500 or more, or no clouds.";"";"";"45.0";"-0.2";"";"";"";"";"";"";
"25.01.2021 16:00";"5.3";"755.9";"760.5";"0.7";"68";"Wind blowing from the west-northwest";"5";"";"";"";" ";"";"";"";"";"";"";"2500 or more, or no clouds.";"";"";"65.0";"-0.1";"";"";"";"";"";"";
"25.01.2021 15:00";"5.1";"755.9";"760.4";"1.0";"68";"Wind blowing from the north-west";"4";"";"";"";" ";"";"";"";"";"";"";"2500 or more, or no clouds.";"";"";"71.0";"-0.4";"";"";"";"";"";"";
"25.01.2021 14:00";"5.1";"755.5";"760.0";"1.0";"72";"Wind blowing from the west-northwest";"5";"";"";"";" ";"";"";"";"";"";"";"2500 or more, or no clouds.";"";"";"65.0";"0.5";"";"";"";"";"";"";
"25.01.2021 13:00";"5.2";"755.2";"759.7";"1.3";"73";"Wind blowing from the west-northwest";"5";"";"";"";" ";"";"";"";"";"";"";"2500 or more, or no clouds.";"";"";"65.0";"0.7";"";"";"";"";"";"";
"25.01.2021 12:00";"4.4";"754.9";"759.4";"1.2";"76";"Wind blowing from the west-northwest";"5";"";"";"";" ";"";"";"";"";"";"";"2500 or more, or no clouds.";"";"";"55.0";"0.4";"0.2";"6";"";"";"";"";
"25.01.2021 11:00";"3.1";"754.5";"759.1";"1.5";"86";"Wind blowing from the west-northwest";"4";"";"";"";" ";"";"";"";"";"";"";"2500 or more, or no clouds.";"";"";"50.0";"1.0";"";"";"";"";"";"";
"25.01.2021 10:00";"2.1";"753.9";"758.5";"1.7";"89";"Wind blowing from the north-west";"4";"";"";"";" ";"";"";"";"";"";"";"2500 or more, or no clouds.";"";"";"50.0";"0.4";"";"";"";"";"";"";
"25.01.2021 09:00";"0.8";"753.7";"758.3";"1.8";"90";"Wind blowing from the west-northwest";"3";"";"";"";" ";"";"";"";"";"";"";"2500 or more, or no clouds.";"";"";"50.0";"-0.6";"";"";"";"";"";"";
"25.01.2021 08:00";"-3.2";"753.0";"757.7";"1.7";"84";"Wind blowing from the south";"1";"";"";"";" ";"";"";"";"";"";"";"2500 or more, or no clouds.";"";"";"55.0";"-5.6";"";"";"";"";"";"";
"25.01.2021 07:00";"-2.5";"752.2";"756.9";"1.3";"83";"Wind blowing from the west-northwest";"1";"";"";"";" ";"";"";"";"";"";"";"2500 or more, or no clouds.";"";"";"71.0";"-5.1";"";"";"";"";"";"";
"25.01.2021 06:00";"-2.0";"751.9";"756.6";"1.4";"80";"Wind blowing from the west-northwest";"2";"";"";"";" ";"";"";"-2.8";"";"";"";"2500 or more, or no clouds.";"";"";"71.0";"-5.0";"0.6";"12";"";"";"";"";
"25.01.2021 05:00";"-1.2";"751.3";"755.9";"1.5";"74";"Wind blowing from the north";"3";"";"";"";" ";"";"";"";"";"";"";"2500 or more, or no clouds.";"";"";"71.0";"-5.3";"";"";"";"";"";"";
"25.01.2021 04:00";"-0.6";"750.9";"755.5";"1.5";"76";"Wind blowing from the north-west";"2";"";"";"";" ";"";"";"";"";"";"";"2500 or more, or no clouds.";"";"";"71.0";"-4.4";"";"";"";"";"";"";
"25.01.2021 03:00";"-0.4";"750.5";"755.1";"1.9";"76";"Wind blowing from the north-northwest";"1";"";"";"";" ";"";"";"";"";"";"";"2500 or more, or no clouds.";"";"";"71.0";"-4.1";"";"";"";"";"";"";
"25.01.2021 02:00";"0.0";"749.8";"754.4";"2.4";"77";"Wind blowing from the north-northwest";"2";"";"";"";" ";"";"";"";"";"";"";"2500 or more, or no clouds.";"";"";"71.0";"-3.6";"";"";"";"";"";"";
"25.01.2021 01:00";"0.4";"749.4";"754.0";"3.2";"79";"Wind blowing from the west-northwest";"4";"";"";"";" ";"";"";"";"";"";"";"2500 or more, or no clouds.";"";"";"71.0";"-2.9";"";"";"";"";"";"";
"25.01.2021 00:00";"0.9";"748.6";"753.1";"3.2";"81";"Wind blowing from the west";"1";"";"";"";" ";"";"";"";"";"";"";"1500-2000";"";"";"71.0";"-2.0";"0.6";"6";"";"";"";"";
"24.01.2021 23:00";"1.0";"747.4";"751.9";"3.1";"84";"Wind blowing from the north";"4";"";"";"";" ";"";"";"";"";"";"";"600-1000";"";"";"71.0";"-1.5";"";"";"";"";"";"";
"24.01.2021 22:00";"1.0";"746.2";"750.8";"2.9";"82";"Wind blowing from the north";"5";"";"";"";" ";"";"";"";"";"";"";"600-1000";"";"";"71.0";"-1.8";"";"";"";"";"";"";
"24.01.2021 21:00";"0.7";"745.4";"750.0";"";"82";"Wind blowing from the north";"4";"";"";"";" ";"";"";"";"";"";"";"2500 or more, or no clouds.";"";"";"65.0";"-2.0";"";"";"";"";"";"";
"24.01.2021 20:00";"0.7";"744.3";"748.9";"1.7";"90";"Wind blowing from the north-northeast";"5";"";"";"";"Snow ";"";"";"";"";"";"";"1000-1500";"";"";"45.0";"-0.8";"";"";"";"";"";"";
"24.01.2021 19:00";"1.6";"743.3";"747.9";"1.1";"95";"Wind blowing from the north-northwest";"3";"";"";"";"Rain shower(s) or intermittent rain, moderate. ";"";"";"";"";"";"";"600-1000";"";"";"4.2";"0.9";"";"";"";"";"";"";
"24.01.2021 18:00";"1.8";"742.7";"747.3";"1.1";"95";"Wind blowing from the west-northwest";"6";"";"";"";"Rain (not freezing). ";"";"";"";"4.0";"";"";"200-300";"";"";"65.0";"1.0";"4.0";"12";"";"";"";"";
"24.01.2021 17:00";"1.7";"742.6";"747.1";"";"94";"Wind blowing from the west-northwest";"6";"";"";"";"Rain (not freezing). ";"";"";"";"";"";"";"300-600";"";"";"71.0";"0.9";"";"";"";"";"";"";
"24.01.2021 16:00";"2.9";"742.2";"746.7";"0.8";"91";"Wind blowing from the west-northwest";"4";"";"";"";"Rain (not freezing). ";"";"";"";"";"";"";"600-1000";"";"";"13.0";"1.6";"";"";"";"";"";"";
"24.01.2021 15:00";"2.5";"741.6";"746.1";"";"93";"Wind blowing from the west-northwest";"2";"";"";"";"Rain shower(s) or intermittent rain, slight. ";"";"";"";"";"";"";"600-1000";"";"";"45.0";"1.4";"";"";"";"";"";"";
"24.01.2021 14:00";"2.7";"741.1";"745.6";"";"92";"Wind blowing from the east-northeast";"2";"";"";"";"Rain (not freezing). ";"";"";"";"";"";"";"300-600";"";"";"29.0";"1.5";"";"";"";"";"";"";
"24.01.2021 13:00";"3.2";"741.4";"745.9";"";"95";"Wind blowing from the north-east";"1";"";"";"";"Rain, not freezing, slight. ";"";"";"";"";"";"";"300-600";"";"";"19.0";"2.4";"";"";"";"";"";"";
"24.01.2021 12:00";"3.2";"741.7";"746.2";"";"87";"Wind blowing from the west-northwest";"1";"";"";"";"Drizzle and rain, slight. ";"";"";"";"";"";"";"300-600";"";"";"13.0";"1.2";"0.8";"6";"";"";"";"";
"24.01.2021 11:00";"3.4";"741.7";"746.2";"";"93";"Wind blowing from the east-northeast";"1";"";"";"";" ";"";"";"";"";"";"";"2500 or more, or no clouds.";"";"";"50.0";"2.3";"";"";"";"";"";"";
"24.01.2021 10:00";"1.4";"741.5";"746.0";"";"97";"Wind blowing from the north-northeast";"2";"";"";"";" ";"";"";"";"";"";"";"2500 or more, or no clouds.";"";"";"13.0";"1.0";"";"";"";"";"";"";
"24.01.2021 09:00";"0.9";"741.4";"745.9";"";"95";"Wind blowing from the north";"1";"";"";"";"Rain (not freezing). ";"";"";"";"";"";"";"300-600";"";"";"25.0";"0.2";"";"";"";"";"";"";
"24.01.2021 08:00";"2.1";"741.4";"745.9";"";"95";"Wind blowing from the west-southwest";"3";"";"";"";"Rain shower(s) or intermittent rain, slight. ";"";"";"";"";"";"";"300-600";"";"";"71.0";"1.4";"";"";"";"";"";"";
"24.01.2021 07:00";"2.1";"741.4";"745.9";"";"93";"Wind blowing from the west-southwest";"4";"";"";"";"Rain (not freezing). ";"";"";"";"";"";"";"200-300";"";"";"60.0";"1.1";"";"";"";"";"";"";
"24.01.2021 06:00";"2.8";"741.5";"746.0";"";"93";"Wind blowing from the south-southwest";"3";"";"";"";"Rain (not freezing). ";"";"";"-2.7";"";"";"";"200-300";"";"";"71.0";"1.8";"1.0";"12";"";"";"";"";
"24.01.2021 05:00";"1.7";"742.0";"746.5";"";"94";"Wind blowing from the south-east";"4";"";"";"";"Rain (or drizzle) and snow, slight. ";"";"";"";"";"";"";"200-300";"";"";"24.0";"0.9";"";"";"";"";"";"";
"24.01.2021 04:00";"2.0";"742.8";"747.3";"";"85";"Wind blowing from the south-east";"3";"";"";"";"Drizzle and rain, slight. ";"";"";"";"";"";"";"600-1000";"";"";"30.0";"-0.3";"";"";"";"";"";"";
"24.01.2021 03:00";"2.0";"743.2";"747.7";"";"79";"Wind blowing from the south-southeast";"3";"";"";"";" ";"";"";"";"";"";"";"2500 or more, or no clouds.";"";"";"60.0";"-1.3";"";"";"";"";"";"";
"24.01.2021 02:00";"2.2";"744.1";"748.6";"";"77";"Wind blowing from the south";"3";"";"";"";" ";"";"";"";"";"";"";"2500 or more, or no clouds.";"";"";"65.0";"-1.4";"";"";"";"";"";"";
"24.01.2021 01:00";"-0.7";"744.4";"749.0";"";"94";"Wind blowing from the south-southeast";"2";"";"";"";" ";"";"";"";"";"";"";"2500 or more, or no clouds.";"";"";"35.0";"-1.5";"";"";"";"";"";"";
"24.01.2021 00:00";"-2.1";"744.8";"749.5";"";"93";"Wind blowing from the east";"2";"";"";"";"Haze or smoke, or dust in suspension in the air, visibility equal to, or greater than, 1 km. ";"";"";"";"";"";"";"2500 or more, or no clouds.";"";"";"14.0";"-3.1";"No precipitation";"6";"";"";"";"";
"23.01.2021 23:00";"-2.7";"744.9";"749.5";"";"88";"Wind blowing from the north-east";"1";"";"";"";"Haze or smoke, or dust in suspension in the air, visibility equal to, or greater than, 1 km. ";"";"";"";"";"";"";"2500 or more, or no clouds.";"";"";"7.0";"-4.5";"";"";"";"";"";"";
"23.01.2021 22:00";"0.7";"744.9";"749.5";"";"82";"Wind blowing from the north-northwest";"2";"";"";"";" ";"";"";"";"";"";"";"2500 or more, or no clouds.";"";"";"35.0";"-2.0";"";"";"";"";"";"";
"23.01.2021 21:00";"0.6";"744.8";"749.4";"";"84";"Wind blowing from the north";"2";"";"";"";" ";"";"";"";"";"";"";"2500 or more, or no clouds.";"";"";"30.0";"-1.8";"";"";"";"";"";"";
"23.01.2021 20:00";"1.2";"744.7";"749.2";"";"78";"Wind blowing from the north-northwest";"3";"";"";"";" ";"";"";"";"";"";"";"2500 or more, or no clouds.";"";"";"30.0";"-2.2";"";"";"";"";"";"";
"23.01.2021 19:00";"1.5";"744.4";"749.0";"";"74";"Wind blowing from the west-northwest";"3";"";"";"";" ";"";"";"";"";"";"";"2500 or more, or no clouds.";"";"";"40.0";"-2.6";"";"";"";"";"";"";
"23.01.2021 18:00";"2.0";"744.4";"748.9";"";"73";"Wind blowing from the north-west";"1";"";"";"";" ";"";"";"";"5.1";"";"";"2500 or more, or no clouds.";"";"";"55.0";"-2.4";"0.2";"12";"";"";"";"";
"23.01.2021 17:00";"1.9";"744.1";"748.6";"";"71";"Wind blowing from the north-east";"2";"";"";"";" ";"";"";"";"";"";"";"2500 or more, or no clouds.";"";"";"60.0";"-2.8";"";"";"";"";"";"";
"23.01.2021 16:00";"4.4";"743.6";"748.1";"";"65";"Wind blowing from the west-northwest";"5";"";"";"";" ";"";"";"";"";"";"";"2500 or more, or no clouds.";"";"";"60.0";"-1.6";"";"";"";"";"";"";
"23.01.2021 15:00";"4.9";"743.6";"748.1";"";"64";"Wind blowing from the north-west";"7";"";"";"";" ";"";"";"";"";"";"";"2500 or more, or no clouds.";"";"";"70.0";"-1.4";"";"";"";"";"";"";
"23.01.2021 14:00";"5.0";"743.5";"748.0";"";"68";"Wind blowing from the west-northwest";"5";"";"";"";" ";"";"";"";"";"";"";"2500 or more, or no clouds.";"";"";"60.0";"-0.5";"";"";"";"";"";"";
"23.01.2021 13:00";"4.6";"743.4";"747.9";"";"70";"Wind blowing from the north-west";"6";"";"";"";" ";"";"";"";"";"";"";"2500 or more, or no clouds.";"";"";"40.0";"-0.4";"";"";"";"";"";"";
"23.01.2021 12:00";"4.3";"743.3";"747.8";"";"77";"Wind blowing from the west-northwest";"6";"";"";"";" ";"";"";"";"";"";"";"2500 or more, or no clouds.";"";"";"55.0";"0.5";"0.2";"6";"";"";"";"";
"23.01.2021 11:00";"2.9";"743.2";"747.7";"";"89";"Wind blowing from the west-northwest";"4";"";"";"";" ";"";"";"";"";"";"";"2500 or more, or no clouds.";"";"";"30.0";"1.3";"";"";"";"";"";"";
"23.01.2021 10:00";"1.6";"742.8";"747.4";"";"89";"Wind blowing from the west-northwest";"3";"";"";"";" ";"";"";"";"";"";"";"2500 or more, or no clouds.";"";"";"50.0";"-0.1";"";"";"";"";"";"";
"23.01.2021 09:00";"0.8";"742.4";"747.0";"";"91";"Wind blowing from the north-west";"3";"";"";"";" ";"";"";"";"";"";"";"2500 or more, or no clouds.";"";"";"50.0";"-0.5";"";"";"";"";"";"";
"23.01.2021 08:00";"0.1";"742.0";"746.6";"";"94";"Wind blowing from the west-northwest";"2";"";"";"";" ";"";"";"";"";"";"";"2500 or more, or no clouds.";"";"";"40.0";"-0.7";"";"";"";"";"";"";
"23.01.2021 07:00";"-0.4";"741.5";"746.0";"";"96";"Wind blowing from the north-northwest";"2";"";"";"";" ";"";"";"";"";"";"";"2500 or more, or no clouds.";"";"";"23.0";"-1.0";"";"";"";"";"";"";
"23.01.2021 06:00";"-0.6";"741.2";"745.8";"";"96";"Wind blowing from the north";"2";"";"";"";" ";"";"";"-1.5";"";"";"";"2500 or more, or no clouds.";"";"";"12.0";"-1.1";"No precipitation";"12";"";"";"";"";
"23.01.2021 05:00";"-0.3";"741.2";"745.8";"";"97";"Wind blowing from the north-northwest";"2";"";"";"";"Mist. ";"";"";"";"";"";"";"2500 or more, or no clouds.";"";"";"9.0";"-0.7";"";"";"";"";"";"";
"23.01.2021 04:00";"-0.3";"741.1";"745.7";"";"97";"Wind blowing from the north";"2";"";"";"";" ";"";"";"";"";"";"";"600-1000";"";"";"11.0";"-0.7";"";"";"";"";"";"";
"23.01.2021 03:00";"0.3";"741.1";"745.7";"";"98";"Wind blowing from the north";"2";"";"";"";"Mist. ";"";"";"";"";"";"";"1000-1500";"";"";"8.0";"0.0";"";"";"";"";"";"";
"23.01.2021 02:00";"0.1";"741.1";"745.7";"";"98";"Wind blowing from the east-northeast";"2";"";"";"";"Fog ";"";"";"";"";"";"";"600-1000";"";"";"6.0";"-0.2";"";"";"";"";"";"";
"23.01.2021 01:00";"-0.3";"741.4";"745.9";"";"96";"Wind blowing from the east";"1";"";"";"";"Fog ";"";"";"";"";"";"";"600-1000";"";"";"1.7";"-0.8";"";"";"";"";"";"";
"23.01.2021 00:00";"0.7";"741.5";"746.1";"";"97";"Wind blowing from the north-northeast";"2";"";"";"";"Mist. ";"";"";"";"";"";"";"600-1000";"";"";"9.0";"0.3";"No precipitation";"6";"";"";"";"";
"22.01.2021 23:00";"1.0";"741.6";"746.1";"";"97";"Wind blowing from the north-northeast";"2";"";"";"";" ";"";"";"";"";"";"";"600-1000";"";"";"10.0";"0.6";"";"";"";"";"";"";
"22.01.2021 22:00";"1.1";"741.9";"746.4";"";"95";"Wind blowing from the north-northwest";"1";"";"";"";" ";"";"";"";"";"";"";"2500 or more, or no clouds.";"";"";"18.0";"0.4";"";"";"";"";"";"";
"22.01.2021 21:00";"2.0";"741.9";"746.4";"";"95";"Wind blowing from the north-west";"3";"";"";"";" ";"";"";"";"";"";"";"2500 or more, or no clouds.";"";"";"30.0";"1.3";"";"";"";"";"";"";
"22.01.2021 20:00";"2.2";"741.6";"746.1";"";"93";"Wind blowing from the west-northwest";"4";"";"";"";" ";"";"";"";"";"";"";"2500 or more, or no clouds.";"";"";"50.0";"1.2";"";"";"";"";"";"";
"22.01.2021 19:00";"2.8";"741.3";"745.8";"";"92";"Wind blowing from the west-northwest";"6";"";"";"";" ";"";"";"";"";"";"";"1500-2000";"";"";"70.0";"1.6";"";"";"";"";"";"";
"22.01.2021 18:00";"4.1";"740.5";"745.0";"";"91";"Wind blowing from the west-northwest";"7";"";"";"";"Rain (not freezing). ";"";"";"";"7.4";"";"";"200-300";"";"";"55.0";"2.8";"4.0";"12";"";"";"";"";
"22.01.2021 17:00";"3.9";"740.3";"744.7";"";"95";"Wind blowing from the west-southwest";"2";"";"";"";"Rain shower(s) or intermittent rain, slight. ";"";"";"";"";"";"";"300-600";"";"";"55.0";"3.1";"";"";"";"";"";"";
"22.01.2021 16:00";"3.5";"740.2";"744.7";"";"91";"Wind blowing from the west";"1";"";"";"";"Drizzle and rain, slight. ";"";"";"";"";"";"";"600-1000";"";"";"71.0";"2.1";"";"";"";"";"";"";
"22.01.2021 15:00";"4.7";"740.4";"744.8";"";"89";"Wind blowing from the west-southwest";"8";"";"";"";"Rain shower(s) or intermittent rain, moderate. ";"";"";"";"";"";"";"300-600";"";"";"2.5";"3.0";"";"";"";"";"";"";
"22.01.2021 14:00";"5.2";"740.0";"744.5";"";"86";"Wind blowing from the south-west";"4";"";"";"";"Rain shower(s) or intermittent rain, heavy. ";"";"";"";"";"";"";"300-600";"";"";"5.0";"3.0";"";"";"";"";"";"";
"22.01.2021 13:00";"7.3";"740.4";"744.8";"";"79";"Wind blowing from the south-southwest";"3";"";"";"";"Rain (not freezing). ";"";"";"";"";"";"";"300-600";"";"";"60.0";"3.9";"";"";"";"";"";"";
"22.01.2021 12:00";"5.6";"740.8";"745.3";"";"85";"Wind blowing from the south-southwest";"2";"";"";"";" ";"";"";"";"";"";"";"1000-1500";"";"";"71.0";"3.2";"No precipitation";"6";"";"";"";"";
"22.01.2021 11:00";"5.8";"740.8";"745.3";"";"84";"Wind blowing from the west-southwest";"3";"";"";"";" ";"";"";"";"";"";"";"2500 or more, or no clouds.";"";"";"71.0";"3.2";"";"";"";"";"";"";
"22.01.2021 10:00";"3.4";"740.8";"745.3";"";"99";"Wind blowing from the south-west";"3";"";"";"";" ";"";"";"";"";"";"";"1000-1500";"";"";"35.0";"3.3";"";"";"";"";"";"";
"22.01.2021 09:00";"1.3";"740.2";"744.7";"";"98";"Wind blowing from the west-southwest";"1";"";"";"";" ";"";"";"";"";"";"";"1000-1500";"";"";"17.0";"1.0";"";"";"";"";"";"";
"22.01.2021 08:00";"1.3";"739.7";"744.3";"";"98";"Wind blowing from the north";"3";"";"";"";" ";"";"";"";"";"";"";"1000-1500";"";"";"13.0";"1.0";"";"";"";"";"";"";
"22.01.2021 07:00";"0.9";"739.4";"743.9";"";"97";"Wind blowing from the north-northwest";"1";"";"";"";"Mist. ";"";"";"";"";"";"";"2500 or more, or no clouds.";"";"";"9.0";"0.4";"";"";"";"";"";"";
"22.01.2021 06:00";"2.0";"739.0";"743.5";"";"96";"Wind blowing from the north-northwest";"3";"";"";"";" ";"";"";"2.0";"";"";"";"2500 or more, or no clouds.";"";"";"14.0";"1.4";"No precipitation";"12";"";"";"";"";
"22.01.2021 05:00";"2.3";"738.7";"743.2";"";"95";"Wind blowing from the north-west";"3";"";"";"";" ";"";"";"";"";"";"";"2500 or more, or no clouds.";"";"";"24.0";"1.6";"";"";"";"";"";"";
"22.01.2021 04:00";"2.3";"738.2";"742.7";"";"95";"Wind blowing from the north-west";"3";"";"";"";" ";"";"";"";"";"";"";"2500 or more, or no clouds.";"";"";"25.0";"1.6";"";"";"";"";"";"";
"22.01.2021 03:00";"2.8";"738.1";"742.6";"";"93";"Wind blowing from the north-west";"2";"";"";"";" ";"";"";"";"";"";"";"2500 or more, or no clouds.";"";"";"24.0";"1.7";"";"";"";"";"";"";
"22.01.2021 02:00";"2.9";"737.8";"742.3";"";"91";"Wind blowing from the west-northwest";"2";"";"";"";" ";"";"";"";"";"";"";"2500 or more, or no clouds.";"";"";"26.0";"1.5";"";"";"";"";"";"";
"22.01.2021 01:00";"3.5";"737.5";"742.0";"";"89";"Wind blowing from the west-northwest";"3";"";"";"";" ";"";"";"";"";"";"";"2500 or more, or no clouds.";"";"";"30.0";"1.9";"";"";"";"";"";"";
"22.01.2021 00:00";"3.6";"737.2";"741.7";"";"89";"Wind blowing from the west-northwest";"3";"";"";"";" ";"";"";"";"";"";"";"2500 or more, or no clouds.";"";"";"40.0";"1.9";"No precipitation";"6";"";"";"";"";
"21.01.2021 23:00";"3.8";"736.8";"741.2";"";"91";"Wind blowing from the west-northwest";"3";"";"";"";" ";"";"";"";"";"";"";"1000-1500";"";"";"30.0";"2.5";"";"";"";"";"";"";
"21.01.2021 22:00";"3.9";"736.3";"740.8";"";"91";"Wind blowing from the north-west";"3";"";"";"";" ";"";"";"";"";"";"";"600-1000";"";"";"30.0";"2.5";"";"";"";"";"";"";
"21.01.2021 21:00";"4.0";"735.8";"740.3";"";"88";"Wind blowing from the north-west";"3";"";"";"";" ";"";"";"";"";"";"";"1000-1500";"";"";"40.0";"2.2";"";"";"";"";"";"";
"21.01.2021 20:00";"4.4";"735.5";"739.9";"";"85";"Wind blowing from the north-west";"4";"";"";"";" ";"";"";"";"";"";"";"1000-1500";"";"";"40.0";"2.1";"";"";"";"";"";"";
"21.01.2021 19:00";"5.2";"734.8";"739.3";"";"82";"Wind blowing from the west-northwest";"5";"";"";"";" ";"";"";"";"";"";"";"2500 or more, or no clouds.";"";"";"35.0";"2.3";"";"";"";"";"";"";
"21.01.2021 18:00";"5.6";"734.4";"738.8";"";"81";"Wind blowing from the west";"5";"";"";"";" ";"";"";"";"7.7";"";"";"2500 or more, or no clouds.";"";"";"45.0";"2.5";"3.0";"12";"";"";"";"";
"21.01.2021 17:00";"5.6";"734.1";"738.5";"";"80";"Wind blowing from the west";"4";"";"";"";" ";"";"";"";"";"";"";"2500 or more, or no clouds.";"";"";"50.0";"2.4";"";"";"";"";"";"";
"21.01.2021 16:00";"6.2";"734.0";"738.4";"";"77";"Wind blowing from the west-northwest";"4";"";"";"";" ";"";"";"";"";"";"";"2500 or more, or no clouds.";"";"";"55.0";"2.4";"";"";"";"";"";"";
"21.01.2021 15:00";"6.7";"734.2";"738.6";"";"76";"Wind blowing from the west-northwest";"4";"";"";"";" ";"";"";"";"";"";"";"600-1000";"";"";"50.0";"2.7";"";"";"";"";"";"";
"21.01.2021 14:00";"7.1";"734.5";"738.9";"";"79";"Wind blowing from the west-northwest";"4";"";"";"";"Rain (not freezing). ";"";"";"";"";"";"";"600-1000";"";"";"40.0";"3.6";"";"";"";"";"";"";
"21.01.2021 13:00";"7.5";"734.8";"739.3";"";"77";"Wind blowing from the west";"5";"";"";"";" ";"";"";"";"";"";"";"600-1000";"";"";"35.0";"3.6";"";"";"";"";"";"";
"21.01.2021 12:00";"7.1";"735.1";"739.5";"";"72";"Wind blowing from the west";"7";"";"";"";"Rain (not freezing). ";"";"";"";"";"";"";"600-1000";"";"";"65.0";"2.3";"2.0";"6";"";"";"";"";
"21.01.2021 11:00";"6.9";"735.1";"739.6";"";"79";"Wind blowing from the west";"6";"";"";"";"Rain (not freezing). ";"";"";"";"";"";"";"600-1000";"";"";"30.0";"3.4";"";"";"";"";"";"";
"21.01.2021 10:00";"6.7";"735.1";"739.5";"";"74";"Wind blowing from the west";"8";"";"";"";"Rain (not freezing). ";"";"";"";"";"";"";"1000-1500";"";"";"35.0";"2.3";"";"";"";"";"";"";
"21.01.2021 09:00";"4.6";"735.0";"739.4";"";"90";"Wind blowing from the west-southwest";"12";"";"";"";"Rain shower(s) or intermittent rain, slight. ";"";"";"";"";"";"";"600-1000";"";"";"14.0";"3.1";"";"";"";"";"";"";
"21.01.2021 08:00";"5.9";"734.5";"739.0";"";"80";"Wind blowing from the west-southwest";"12";"";"";"";"Rain (not freezing). ";"";"";"";"";"";"";"1000-1500";"";"";"29.0";"2.6";"";"";"";"";"";"";
"21.01.2021 07:00";"7.0";"734.2";"738.5";"";"80";"Wind blowing from the west-southwest";"11";"";"";"";"Rain (not freezing). ";"";"";"";"";"";"";"600-1000";"";"";"22.0";"3.8";"";"";"";"";"";"";
"21.01.2021 06:00";"6.3";"733.9";"738.3";"";"85";"Wind blowing from the west-southwest";"11";"";"";"";"Rain (not freezing). ";"";"";"3.7";"";"";"";"300-600";"";"";"28.0";"3.9";"10.0";"12";"";"";"";"";
"21.01.2021 05:00";"5.8";"733.9";"738.4";"";"86";"Wind blowing from the west";"8";"";"";"";"Rain shower(s) or intermittent rain, moderate. ";"";"";"";"";"";"";"600-1000";"";"";"3.7";"3.6";"";"";"";"";"";"";
"21.01.2021 04:00";"5.4";"733.6";"738.0";"";"87";"Wind blowing from the west-southwest";"9";"";"";"";"Rain (not freezing). ";"";"";"";"";"";"";"300-600";"";"";"26.0";"3.4";"";"";"";"";"";"";
"21.01.2021 03:00";"6.0";"733.3";"737.7";"";"77";"Wind blowing from the west";"9";"";"";"";"Rain (not freezing). ";"";"";"";"";"";"";"600-1000";"";"";"40.0";"2.2";"";"";"";"";"";"";
"21.01.2021 02:00";"6.0";"732.8";"737.2";"";"74";"Wind blowing from the west";"8";"";"";"";" ";"";"";"";"";"";"";"600-1000";"";"";"55.0";"1.7";"";"";"";"";"";"";
"21.01.2021 01:00";"5.1";"732.2";"736.6";"";"76";"Wind blowing from the west-northwest";"8";"";"";"";" ";"";"";"";"";"";"";"600-1000";"";"";"60.0";"1.2";"";"";"";"";"";"";
"21.01.2021 00:00";"4.8";"731.1";"735.5";"";"79";"Wind blowing from the west-northwest";"10";"";"";"";"Rain (not freezing). ";"";"";"";"";"";"";"300-600";"";"";"55.0";"1.4";"7.0";"6";"";"";"";"";
"20.01.2021 23:00";"4.0";"729.9";"734.3";"";"89";"Wind blowing from the west-northwest";"11";"";"";"";"Drizzle, not freezing, slight. ";"";"";"";"";"";"";"300-600";"";"";"15.0";"2.4";"";"";"";"";"";"";
"20.01.2021 22:00";"4.2";"728.5";"732.9";"";"93";"Wind blowing from the west";"10";"";"";"";"Rain, not freezing, moderate. ";"";"";"";"";"";"";"200-300";"";"";"9.0";"3.1";"";"";"";"";"";"";
"20.01.2021 21:00";"4.4";"727.8";"732.2";"";"92";"Wind blowing from the west-northwest";"9";"";"";"";"Rain, not freezing, slight. ";"";"";"";"";"";"";"1000-1500";"";"";"14.0";"3.2";"";"";"";"";"";"";
"20.01.2021 20:00";"7.1";"726.4";"730.8";"";"94";"Wind blowing from the west";"8";"";"";"";"Rain (or drizzle) and snow, slight. ";"";"";"";"";"";"";"100-200";"";"";"10.0";"6.2";"";"";"";"";"";"";
"20.01.2021 19:00";"9.3";"726.7";"731.0";"-3.2";"96";"Wind blowing from the south";"5";"";"";"";"Rain shower(s) or intermittent rain, moderate. ";"";"";"";"";"";"";"300-600";"";"";"12.0";"8.7";"";"";"";"";"";"";
"20.01.2021 18:00";"10.3";"728.2";"732.4";"-2.4";"89";"Wind blowing from the south";"6";"";"";"";" ";"";"";"";"11.6";"";"";"300-600";"";"";"30.0";"8.5";"1.0";"12";"";"";"";"";
"20.01.2021 17:00";"10.7";"729.0";"733.3";"-2.3";"86";"Wind blowing from the south-southwest";"7";"";"";"";"Rain (not freezing). ";"";"";"";"";"";"";"300-600";"";"";"35.0";"8.5";"";"";"";"";"";"";
"20.01.2021 16:00";"10.7";"729.9";"734.2";"-2.2";"89";"Wind blowing from the south-southwest";"6";"";"";"";"Rain (not freezing). ";"";"";"";"";"";"";"300-600";"";"";"45.0";"8.9";"";"";"";"";"";"";
"20.01.2021 15:00";"11.2";"730.6";"734.9";"-2.3";"86";"Wind blowing from the south-southwest";"7";"";"";"";" ";"";"";"";"";"";"";"300-600";"";"";"71.0";"9.0";"";"";"";"";"";"";
"20.01.2021 14:00";"11.2";"731.3";"735.6";"-2.5";"87";"Wind blowing from the south-southwest";"7";"";"";"";"Rain (not freezing). ";"";"";"";"";"";"";"300-600";"";"";"50.0";"9.1";"";"";"";"";"";"";
"20.01.2021 13:00";"11.5";"732.1";"736.4";"-2.4";"84";"Wind blowing from the south-southwest";"8";"";"";"";"Rain (not freezing). ";"";"";"";"";"";"";"300-600";"";"";"65.0";"8.9";"";"";"";"";"";"";
"20.01.2021 12:00";"10.8";"732.9";"737.2";"-2.2";"89";"Wind blowing from the south-southwest";"7";"";"";"";"Drizzle and rain, slight. ";"";"";"";"";"";"";"300-600";"";"";"30.0";"9.1";"1.0";"6";"";"";"";"";
"20.01.2021 11:00";"10.6";"733.8";"738.1";"-1.6";"89";"Wind blowing from the south-southwest";"6";"";"";"";"Rain (not freezing). ";"";"";"";"";"";"";"300-600";"";"";"45.0";"8.9";"";"";"";"";"";"";
"20.01.2021 10:00";"10.4";"734.5";"738.9";"-1.5";"92";"Wind blowing from the south-southwest";"5";"";"";"";" ";"";"";"";"";"";"";"300-600";"";"";"65.0";"9.1";"";"";"";"";"";"";
"20.01.2021 09:00";"10.9";"735.1";"739.3";"-1.5";"91";"Wind blowing from the south-southwest";"7";"";"";"";"Rain (not freezing). ";"";"";"";"";"";"";"300-600";"";"";"45.0";"9.4";"";"";"";"";"";"";
"20.01.2021 08:00";"10.3";"735.4";"739.8";"-1.8";"92";"Wind blowing from the south-southwest";"5";"";"";"";"Rain shower(s) or intermittent rain, slight. ";"";"";"";"";"";"";"300-600";"";"";"5.0";"9.1";"";"";"";"";"";"";
"20.01.2021 07:00";"10.7";"736.0";"740.3";"-1.7";"91";"Wind blowing from the south-southwest";"5";"";"";"";"Rain shower(s) or intermittent rain, moderate. ";"";"";"";"";"";"";"300-600";"";"";"14.0";"9.2";"";"";"";"";"";"";
"20.01.2021 06:00";"10.8";"736.6";"741.0";"-1.8";"92";"Wind blowing from the south-southwest";"6";"";"";"";"Rain (not freezing). ";"";"";"9.8";"";"";"";"300-600";"";"";"60.0";"9.5";"14.0";"12";"";"";"";"";
"20.01.2021 05:00";"10.5";"737.2";"741.6";"-1.7";"95";"Wind blowing from the south-west";"6";"";"";"";"Rain, not freezing, slight. ";"";"";"";"";"";"";"300-600";"";"";"55.0";"9.7";"";"";"";"";"";"";
"20.01.2021 04:00";"10.4";"737.7";"742.0";"-1.8";"99";"Wind blowing from the south-southwest";"4";"";"";"";"Rain, not freezing, moderate. ";"";"";"";"";"";"";"300-600";"";"";"12.0";"10.2";"";"";"";"";"";"";
"20.01.2021 03:00";"10.1";"738.4";"742.8";"-1.7";"95";"Wind blowing from the south-west";"4";"";"";"";"Rain (not freezing). ";"";"";"";"";"";"";"300-600";"";"";"12.0";"9.3";"";"";"";"";"";"";
"20.01.2021 02:00";"10.1";"738.9";"743.2";"-1.5";"98";"Wind blowing from the south-west";"5";"";"";"";"Rain, not freezing, moderate. ";"";"";"";"";"";"";"300-600";"";"";"3.2";"9.8";"";"";"";"";"";"";
"20.01.2021 01:00";"10.3";"739.5";"743.8";"-1.7";"98";"Wind blowing from the south-west";"5";"";"";"";"Rain, not freezing, moderate. ";"";"";"";"";"";"";"300-600";"";"";"7.0";"10.0";"";"";"";"";"";"";
"20.01.2021 00:00";"10.7";"740.1";"744.4";"-1.6";"95";"Wind blowing from the south-west";"7";"";"";"";"Rain shower(s) or intermittent rain, moderate. ";"";"";"";"";"";"";"300-600";"";"";"1.6";"9.9";"7.0";"6";"";"";"";"";
"19.01.2021 23:00";"10.4";"740.4";"744.8";"-1.9";"95";"Wind blowing from the south-west";"5";"";"";"";"Rain, not freezing, moderate. ";"";"";"";"";"";"";"300-600";"";"";"19.0";"9.7";"";"";"";"";"";"";
"19.01.2021 22:00";"10.3";"741.2";"745.6";"-1.7";"95";"Wind blowing from the south-west";"5";"";"";"";"Rain, not freezing, moderate. ";"";"";"";"";"";"";"300-600";"";"";"7.0";"9.5";"";"";"";"";"";"";
"19.01.2021 21:00";"10.5";"741.7";"746.1";"-2.1";"92";"Wind blowing from the south-west";"6";"";"";"";"Rain shower(s) or intermittent rain, moderate. ";"";"";"";"";"";"";"600-1000";"";"";"7.0";"9.2";"";"";"";"";"";"";
"19.01.2021 20:00";"10.6";"742.3";"746.7";"-2.1";"90";"Wind blowing from the south-west";"8";"";"";"";"Rain (not freezing). ";"";"";"";"";"";"";"300-600";"";"";"65.0";"9.0";"";"";"";"";"";"";
"19.01.2021 19:00";"10.6";"742.9";"747.4";"-2.1";"89";"Wind blowing from the south-southwest";"7";"";"";"";" ";"";"";"";"";"";"";"300-600";"";"";"71.0";"8.9";"";"";"";"";"";"";
"19.01.2021 18:00";"10.0";"743.8";"748.1";"-1.8";"91";"Wind blowing from the south-southwest";"6";"";"";"";" ";"";"";"";"10.3";"";"";"300-600";"";"";"70.0";"8.5";"2.0";"12";"";"";"";"";
"19.01.2021 17:00";"10.1";"744.4";"748.9";"-2.1";"89";"Wind blowing from the south-west";"7";"";"";"";"Rain (not freezing). ";"";"";"";"";"";"";"300-600";"";"";"65.0";"8.4";"";"";"";"";"";"";
"19.01.2021 16:00";"9.7";"745.0";"749.5";"-2.8";"92";"Wind blowing from the south-west";"7";"";"";"";"Rain, not freezing, moderate. ";"";"";"";"";"";"";"300-600";"";"";"21.0";"8.5";"";"";"";"";"";"";
"19.01.2021 15:00";"9.7";"745.6";"749.9";"-3.2";"91";"Wind blowing from the south-southwest";"7";"";"";"";"Rain, not freezing, moderate. ";"";"";"";"";"";"";"300-600";"";"";"12.0";"8.3";"";"";"";"";"";"";
"19.01.2021 14:00";"9.9";"746.5";"750.9";"-3.0";"89";"Wind blowing from the south-west";"7";"";"";"";"Rain shower(s) or intermittent rain, slight. ";"";"";"";"";"";"";"300-600";"";"";"27.0";"8.1";"";"";"";"";"";"";
"19.01.2021 13:00";"9.8";"747.8";"752.2";"-2.3";"89";"Wind blowing from the south-west";"7";"";"";"";"Rain (not freezing). ";"";"";"";"";"";"";"300-600";"";"";"55.0";"8.1";"";"";"";"";"";"";
"19.01.2021 12:00";"9.7";"748.8";"753.2";"-1.5";"89";"Wind blowing from the south-west";"6";"";"";"";" ";"";"";"";"";"";"";"300-600";"";"";"60.0";"7.9";"1.0";"6";"";"";"";"";
"19.01.2021 11:00";"9.5";"749.5";"754.0";"-0.9";"89";"Wind blowing from the west-southwest";"7";"";"";"";"Rain (not freezing). ";"";"";"";"";"";"";"300-600";"";"";"40.0";"7.7";"";"";"";"";"";"";
"19.01.2021 10:00";"9.3";"750.1";"754.6";"-0.6";"91";"Wind blowing from the west-southwest";"7";"";"";"";"Rain (not freezing). ";"";"";"";"";"";"";"300-600";"";"";"19.0";"7.9";"";"";"";"";"";"";
"19.01.2021 09:00";"9.2";"750.3";"754.8";"-0.4";"97";"Wind blowing from the west";"11";"";"";"";"Rain (not freezing). ";"";"";"";"";"";"";"200-300";"";"";"11.0";"8.7";"";"";"";"";"";"";
"19.01.2021 08:00";"9.4";"750.4";"754.9";"-0.4";"99";"Wind blowing from the west-southwest";"10";"";"";"";"Drizzle and rain, slight. ";"";"";"";"";"";"";"50-100";"";"";"6.0";"9.3";"";"";"";"";"";"";
"19.01.2021 07:00";"9.3";"750.7";"755.2";"-0.1";"99";"Wind blowing from the west";"10";"";"";"";"Rain, not freezing, moderate. ";"";"";"";"";"";"";"50-100";"";"";"2.9";"9.2";"";"";"";"";"";"";
"19.01.2021 06:00";"9.6";"750.7";"755.2";"-0.3";"99";"Wind blowing from the west";"12";"";"";"";"Rain shower(s) or intermittent rain, slight. ";"";"";"8.0";"";"";"";"50-100";"";"";"2.5";"9.4";"5.0";"12";"";"";"";"";
"19.01.2021 05:00";"9.7";"750.8";"755.2";"-0.3";"99";"Wind blowing from the west-southwest";"10";"";"";"";"Rain, not freezing, slight. ";"";"";"";"";"";"";"50-100";"";"";"9.0";"9.5";"";"";"";"";"";"";
"19.01.2021 04:00";"9.7";"750.8";"755.2";"-0.7";"99";"Wind blowing from the west-southwest";"12";"";"";"";"Rain, not freezing, slight. ";"";"";"";"";"";"";"50-100";"";"";"2.8";"9.6";"";"";"";"";"";"";
"19.01.2021 03:00";"9.7";"751.0";"755.5";"-1.3";"99";"Wind blowing from the west";"11";"";"";"";"Rain, not freezing, slight. ";"";"";"";"";"";"";"50-100";"";"";"2.7";"9.5";"";"";"";"";"";"";
"19.01.2021 02:00";"9.9";"751.1";"755.5";"-1.9";"98";"Wind blowing from the west-southwest";"10";"";"";"";"Rain, not freezing, moderate. ";"";"";"";"";"";"";"100-200";"";"";"5.0";"9.6";"";"";"";"";"";"";
"19.01.2021 01:00";"9.8";"751.5";"755.9";"-2.5";"99";"Wind blowing from the west-southwest";"9";"";"";"";"Rain, not freezing, moderate. ";"";"";"";"";"";"";"100-200";"";"";"4.6";"9.6";"";"";"";"";"";"";
"19.01.2021 00:00";"10.7";"";"";"";"95";"Wind blowing from the south-west";"7";"";"";"";"Rain shower(s) or intermittent rain, moderate. ";"";"";"";"";"";"";"300-600";"";"";"1.6";"9.9";"7.0";"6";"";"";"";"";
"18.01.2021 23:00";"9.8";"753.0";"757.4";"-2.6";"95";"Wind blowing from the west-southwest";"5";"";"";"";"Drizzle and rain, slight. ";"";"";"";"";"";"";"300-600";"";"";"60.0";"9.0";"";"";"";"";"";"";
"18.01.2021 22:00";"9.2";"754.0";"758.5";"-2.4";"96";"Wind blowing from the west-southwest";"3";"";"";"";"Rain (not freezing). ";"";"";"";"";"";"";"300-600";"";"";"30.0";"8.6";"";"";"";"";"";"";
"18.01.2021 21:00";"9.7";"754.8";"759.2";"-2.3";"92";"Wind blowing from the south-west";"5";"";"";"";" ";"";"";"";"";"";"";"300-600";"";"";"60.0";"8.4";"";"";"";"";"";"";
"18.01.2021 20:00";"9.2";"755.6";"760.0";"-2.2";"94";"Wind blowing from the south-southwest";"3";"";"";"";" ";"";"";"";"";"";"";"300-600";"";"";"71.0";"8.2";"";"";"";"";"";"";
"18.01.2021 19:00";"8.3";"756.4";"760.9";"-2.2";"93";"Wind blowing from the south";"4";"";"";"";"Rain (not freezing). ";"";"";"";"";"";"";"300-600";"";"";"71.0";"7.3";"";"";"";"";"";"";
"18.01.2021 18:00";"8.0";"757.1";"761.6";"-2.1";"94";"Wind blowing from the south";"3";"";"";"";"Drizzle, not freezing, heavy. ";"";"";"";"8.1";"";"";"300-600";"";"";"40.0";"7.1";"1.0";"12";"";"";"";"";
"18.01.2021 17:00";"7.2";"757.8";"762.3";"-2.2";"97";"Wind blowing from the south-east";"2";"";"";"";"Rain (not freezing). ";"";"";"";"";"";"";"300-600";"";"";"65.0";"6.7";"";"";"";"";"";"";
"18.01.2021 16:00";"7.3";"758.6";"763.2";"-2.3";"95";"Wind blowing from the south-southeast";"2";"";"";"";"Rain shower(s) or intermittent rain, slight. ";"";"";"";"";"";"";"300-600";"";"";"20.0";"6.6";"";"";"";"";"";"";
"18.01.2021 15:00";"7.7";"759.2";"763.7";"-2.7";"92";"Wind blowing from the south";"1";"";"";"";"Rain shower(s) or intermittent rain, slight. ";"";"";"";"";"";"";"300-600";"";"";"20.0";"6.4";"";"";"";"";"";"";
"18.01.2021 14:00";"7.9";"760.0";"764.5";"-2.4";"87";"Wind blowing from the south-west";"4";"";"";"";" ";"";"";"";"";"";"";"300-600";"";"";"50.0";"5.9";"";"";"";"";"";"";
"18.01.2021 13:00";"7.5";"760.9";"765.5";"-1.8";"89";"Wind blowing from the south-west";"4";"";"";"";" ";"";"";"";"";"";"";"300-600";"";"";"35.0";"5.8";"";"";"";"";"";"";
"18.01.2021 12:00";"7.2";"761.9";"766.4";"-0.9";"86";"Wind blowing from the south-west";"5";"";"";"";" ";"";"";"";"";"";"";"300-600";"";"";"50.0";"5.0";"Trace of precipitation";"6";"";"";"";"";
"18.01.2021 11:00";"7.2";"762.4";"767.0";"-0.6";"87";"Wind blowing from the south-west";"4";"";"";"";"Rain (not freezing). ";"";"";"";"";"";"";"600-1000";"";"";"35.0";"5.1";"";"";"";"";"";"";
"18.01.2021 10:00";"6.1";"762.7";"767.2";"-0.3";"90";"Wind blowing from the west-southwest";"3";"";"";"";" ";"";"";"";"";"";"";"600-1000";"";"";"35.0";"4.6";"";"";"";"";"";"";
"18.01.2021 09:00";"5.7";"762.8";"767.4";"-0.5";"88";"Wind blowing from the west-northwest";"3";"";"";"";"Rain (not freezing). ";"";"";"";"";"";"";"300-600";"";"";"45.0";"3.9";"";"";"";"";"";"";
"18.01.2021 08:00";"6.0";"763.0";"767.5";"-0.5";"91";"Wind blowing from the west";"3";"";"";"";"Rain (not freezing). ";"";"";"";"";"";"";"1000-1500";"";"";"40.0";"4.7";"";"";"";"";"";"";
"18.01.2021 07:00";"5.2";"763.0";"767.6";"-0.8";"90";"Wind blowing from the west-northwest";"3";"";"";"";" ";"";"";"";"";"";"";"1000-1500";"";"";"60.0";"3.6";"";"";"";"";"";"";
"18.01.2021 06:00";"5.9";"763.3";"767.8";"-0.7";"92";"Wind blowing from the west";"5";"";"";"";"Rain (not freezing). ";"";"";"5.8";"";"";"";"600-1000";"";"";"55.0";"4.7";"2.0";"12";"";"";"";"";
"18.01.2021 05:00";"6.0";"763.5";"768.1";"-0.9";"91";"Wind blowing from the west";"5";"";"";"";"Rain (not freezing). ";"";"";"";"";"";"";"1000-1500";"";"";"45.0";"4.6";"";"";"";"";"";"";
"18.01.2021 04:00";"6.2";"763.8";"768.4";"-1.3";"94";"Wind blowing from the west";"3";"";"";"";" ";"";"";"";"";"";"";"300-600";"";"";"29.0";"5.3";"";"";"";"";"";"";
"18.01.2021 03:00";"6.1";"764.0";"768.6";"-1.4";"90";"Wind blowing from the west";"4";"";"";"";"Rain (not freezing). ";"";"";"";"";"";"";"300-600";"";"";"60.0";"4.5";"";"";"";"";"";"";
"18.01.2021 02:00";"5.8";"764.4";"769.0";"-1.2";"93";"Wind blowing from the west-southwest";"5";"";"";"";"Rain (not freezing). ";"";"";"";"";"";"";"300-600";"";"";"35.0";"4.7";"";"";"";"";"";"";
"18.01.2021 01:00";"6.1";"765.1";"769.7";"-0.6";"93";"Wind blowing from the west";"4";"";"";"";"Rain shower(s) or intermittent rain, slight. ";"";"";"";"";"";"";"300-600";"";"";"30.0";"5.0";"";"";"";"";"";"";
"18.01.2021 00:00";"6.2";"765.4";"769.9";"-0.8";"88";"Wind blowing from the west-southwest";"4";"";"";"";" ";"";"";"";"";"";"";"600-1000";"";"";"26.0";"4.4";"No precipitation";"6";"";"";"";"";
